{
  "bin": "tests/build/metal_pure_objc_repro",
  "elements": 12000000,
  "generated_at": "2025-12-20T22:21:57.802018+00:00",
  "iters": 30,
  "no_wait": false,
  "results": [
    {
      "cmd_buffer_create": {
        "count": 30,
        "mean_us": 3.699,
        "p50_us": 1.667,
        "p95_us": 8.25
      },
      "commit": {
        "count": 30,
        "mean_us": 6.54,
        "p50_us": 5.5,
        "p95_us": 15.167
      },
      "elements": 12000000,
      "encoder_create": {
        "count": 30,
        "mean_us": 9.467,
        "p50_us": 5.875,
        "p95_us": 11.708
      },
      "gpu": {
        "count": 30,
        "mean_us": 1135.771,
        "p50_us": 1124.833,
        "p95_us": 1209.875
      },
      "iters": 30,
      "threads": 1,
      "throughput_ops_s": 651.933,
      "total_ops": 30,
      "wait": {
        "count": 30,
        "mean_us": 1506.385,
        "p50_us": 1361.584,
        "p95_us": 1427.458
      },
      "wall_time_s": 0.046017
    },
    {
      "cmd_buffer_create": {
        "count": 60,
        "mean_us": 4.947,
        "p50_us": 2.333,
        "p95_us": 7.834
      },
      "commit": {
        "count": 60,
        "mean_us": 4.555,
        "p50_us": 3.875,
        "p95_us": 7.0
      },
      "elements": 12000000,
      "encoder_create": {
        "count": 60,
        "mean_us": 11.357,
        "p50_us": 6.709,
        "p95_us": 8.791
      },
      "gpu": {
        "count": 60,
        "mean_us": 942.21,
        "p50_us": 924.625,
        "p95_us": 1174.25
      },
      "iters": 30,
      "threads": 2,
      "throughput_ops_s": 1407.143,
      "total_ops": 60,
      "wait": {
        "count": 60,
        "mean_us": 1382.416,
        "p50_us": 1136.292,
        "p95_us": 1396.75
      },
      "wall_time_s": 0.04264
    },
    {
      "cmd_buffer_create": {
        "count": 120,
        "mean_us": 5.491,
        "p50_us": 2.25,
        "p95_us": 4.833
      },
      "commit": {
        "count": 120,
        "mean_us": 4.085,
        "p50_us": 2.833,
        "p95_us": 7.417
      },
      "elements": 12000000,
      "encoder_create": {
        "count": 120,
        "mean_us": 13.379,
        "p50_us": 5.291,
        "p95_us": 13.917
      },
      "gpu": {
        "count": 120,
        "mean_us": 678.125,
        "p50_us": 608.583,
        "p95_us": 815.125
      },
      "iters": 30,
      "threads": 4,
      "throughput_ops_s": 2095.53,
      "total_ops": 120,
      "wait": {
        "count": 120,
        "mean_us": 1540.639,
        "p50_us": 1308.25,
        "p95_us": 1879.459
      },
      "wall_time_s": 0.057265
    },
    {
      "cmd_buffer_create": {
        "count": 240,
        "mean_us": 18.994,
        "p50_us": 1.583,
        "p95_us": 44.333
      },
      "commit": {
        "count": 240,
        "mean_us": 4.292,
        "p50_us": 2.25,
        "p95_us": 13.917
      },
      "elements": 12000000,
      "encoder_create": {
        "count": 240,
        "mean_us": 16.801,
        "p50_us": 3.458,
        "p95_us": 18.833
      },
      "gpu": {
        "count": 240,
        "mean_us": 595.231,
        "p50_us": 563.375,
        "p95_us": 773.542
      },
      "iters": 30,
      "threads": 8,
      "throughput_ops_s": 2655.103,
      "total_ops": 240,
      "wait": {
        "count": 240,
        "mean_us": 2058.513,
        "p50_us": 1821.0,
        "p95_us": 2743.417
      },
      "wall_time_s": 0.090392
    }
  ],
  "src": "tests/metal_pure_objc_repro/main.mm"
}
